timestamp,service/carts/qps(2xx),service/catalogue/qps(2xx),service/front-end/qps(2xx),service/orders/qps(2xx),service/payment/qps(2xx),service/shipping/qps(2xx),service/user/qps(2xx)
1556433440,33.39439506,23.31473785,73.06434805,2.65214687,3.552044758,3.184743333,142.7142381
1556433450,35.59920891,22.13176743,75.26814155,2.7,5.949751244,4.040298889,144.0854959
1556433460,35.59920891,22.13176743,75.94164343,2.7,6.295184073,5.279351852,141.2492215
1556433470,36.8,22.11957005,73.24288256,2.756520867,6.295184073,4.955775812,141.2492215
1556433930,42.19906224,20.35555556,61.17777778,0.786594058,17.28812053,2.066620742,160.589294
1556433940,42.19906224,20.35555556,61.17777778,1.108066179,20.6,1.688851359,173.4204212
1556433950,48.4,21.3768277,64.95988621,1.234852652,20.6,1.800080004,173.4204212
1556433960,47.31111111,22.93282372,70.75555556,1.398663499,22.64444444,1.800080004,189.6931043
1556433970,47.31111111,22.93282372,70.75555556,1.398663499,21.88937532,1.53329926,191.7820396
1556433980,46.17880397,22.4,71.46666667,0.860990403,21.88937532,1.222222222,191.7820396
1556433990,39.39912446,21.17918972,67.62522779,0.5128661,17.11035065,1.222222222,176.525467
1556434000,39.39912446,21.17918972,67.62522779,0.368863264,17.68810275,0.822167411,168.5652744
1556434010,42.17777778,20.00088893,63.04444444,0.73408373,17.68810275,1.044490866,168.5652744
1556434020,39.86489489,19.55555556,61.13333333,0.190188987,17.53372297,1.044490866,163.8298818
1556434030,39.86489489,19.55555556,61.13333333,0.26796158,19.42308547,0.755572346,168.6257083
1556434040,44.40098669,19.97777778,62.31111111,0.444527682,19.42308547,0.822277041,168.6257083
1556434050,44.61825616,21.06573041,65.53187707,0.53254044,21.13333333,0.822277041,182.6260831
1556434060,44.61825616,21.06573041,65.53187707,0.53254044,19.33333333,0.622222222,185.3580477
1556434070,48.39032194,23.15452647,67.97626719,0.621448864,19.33333333,0.755538766,185.3580477
1556434080,49.86777484,23.99946668,71.24127817,0.488769412,22.75504989,0.755538766,198.5632631
1556434090,49.86777484,23.99946668,71.24127817,0.488769412,23.7343882,0.666666667,200.8898776
1556434100,52.00462263,25.46723261,73.24607213,0.600854549,23.7343882,0.6,200.8898776
1556434110,50.01222521,25.71225388,75.09328358,0.444988319,24.4,0.6,198.7511389
1556434120,50.01222521,25.71225388,75.09328358,0.444988319,19.73377186,0.443941311,187.8930643
1556434130,46.73229484,24.57832396,73.53660163,0.422334845,19.73377186,0.377777778,187.8930643
1556434140,44.86666667,23.48888889,72.11111111,0.288908149,17.71032399,0.377777778,181.7253474
1556434150,44.86666667,23.48888889,72.11111111,0.288908149,18.02222222,0.244444444,184.0263117
1556434160,45.24243367,22.66666667,69.86103391,0.221758992,18.02222222,0.266969232,184.0263117
1556434170,40.0177758,23.48881959,62.16570122,0.168347953,20.55509878,0.266969232,185.3736584
1556434180,40.0177758,23.48881959,62.16570122,0.135120946,13.95617583,0.133324445,146.5942964
1556434190,32.93333333,17.4658904,42.75900095,0.022222222,13.95617583,0.066666667,146.5942964
1556434200,19.35641584,9.444444444,26.2165521,0,10.37777778,0.066666667,96.88673585
1556434210,19.35641584,9.444444444,18.52356324,0,3.000066668,0,37.44527656
1556435810,47.23937281,4.422222222,48.24632873,0,0,0,56.88636061
1556435820,63.13591327,14.51111111,79.64153724,1.111111111,0.377752594,0,111.2444444
1556435830,63.13591327,14.51111111,108.131806,1.111111111,3.311111111,1.532141668,179.2810994
1556435840,53.48032474,27.00122127,120.518707,5.155555556,3.311111111,5.971673401,179.2810994
1556435850,50.11652425,33.94650315,104.5814866,10.74123391,9.333125931,5.971673401,198.2532557
1556435860,50.11652425,33.94650315,117.6759247,10.74123391,17.22415821,11.67159467,226.424721
1556435870,54.1219355,35.0877193,116.4870984,16.5303946,17.22415821,16.84519312,226.424721
1556435880,56.46326553,33.05693262,116.1095048,18.78622344,22.17679214,16.84519312,237.754626
1556435890,56.46326553,33.05693262,116.1822029,18.78622344,24.50719233,18.79039602,239.2674806
1556435900,58.20058735,32.17062875,113.529174,19.82114255,24.50719233,18.55555556,239.2674806
1556435910,56.07019882,30.97846619,107.6653273,16.36941119,24.37180342,18.55555556,233.4127178
1556435920,56.07019882,30.97846619,107.6653273,16.36941119,25.86724149,16.27860431,228.2497441
1556435930,58.39026236,29.86568226,106.7879138,16.70002224,25.86724149,17.62702811,228.2497441
1556435940,58.90462743,30.47343854,109.0242276,16.59198793,28.98647446,17.62702811,236.0842396
1556435950,58.90462743,30.47343854,109.0242276,16.59198793,31.52862702,17.92106726,246.4737111
1556435960,65.02890173,31.4899299,114.591444,19.27866228,31.52862702,20.11111111,246.4737111
1556435970,63.45149461,33.02075463,114.9504466,17.57894971,31.66737039,20.11111111,257.4932788
1556435980,63.45149461,33.02075463,114.9504466,17.57894971,31.20069335,17.08850914,253.8138698
1556435990,65.24249423,33.36371113,114.8255168,15.31835539,31.20069335,14.97411744,253.8138698
1556436000,62.48472324,32.12538906,107.9333333,12.53416894,31.11180248,14.97411744,249.9666474
1556436010,62.48472324,32.12538906,107.9333333,12.53416894,30.36356372,11.82222222,247.5619238
1556436020,61.20136003,32.75701142,103.3823725,10.44444444,30.36356372,10.28888889,247.5619238
1556436030,62.19978651,31.08957977,97.62931993,9.7416349,31.42222222,10.28888889,247.2247558
1556436040,62.19978651,31.08957977,97.62931993,9.7416349,27.26545487,9.713485519,243.7555556
1556436050,62.24859435,30.97846619,96.46023598,8.154649483,27.26545487,8.4,243.7555556
1556436060,61.18054476,30.09773434,96.35208389,7.288888889,31.39322743,8.4,242.0409071
1556436070,61.18054476,30.09773434,96.35208389,7.288888889,27.55433092,7.000155559,241.8673896
1556436080,56.42674947,29.48888889,89.23172684,5.081887178,27.55433092,5.266549632,241.8673896
1556436090,56.88888889,28.77777778,87.80585372,4.44474076,30.95624347,5.266549632,231.6
1556436100,56.88888889,28.77777778,87.80585372,4.44474076,28.2740407,4.288793582,232.0123976
1556436110,56.92612284,28.21253891,86.86760914,3.288888889,28.2740407,3.355555556,232.0123976
1556436120,59.55694089,28.64380792,92.64650326,2.892874627,30.4680208,3.355555556,230.3982576
1556436130,59.55694089,28.64380792,92.64650326,2.892874627,29.97844397,3.021416511,241.7164826
1556436140,58.37648052,29.17777778,92.39794671,2.555385197,29.97844397,2.466666667,241.7164826
1556436150,59.06141676,28.83526826,92.3856289,2.132717215,30.51653627,2.466666667,242.2028159
1556436160,59.06141676,28.83526826,92.3856289,2.132717215,29.57712051,2.022222222,238.0444444
1556436170,58.0431546,29.82654852,89.64845048,1.444348155,29.57712051,1.222575411,238.0444444
1556436180,57.26793929,29.91111111,87.84909685,0.933437049,29.15555556,1.222575411,231.0016887
1556436190,57.26793929,29.91111111,87.84909685,0.933437049,27.91991101,0.933333333,225.1690993
1556436200,57.91625922,29.36530889,86.01337986,0.75577389,27.91991101,0.711095309,225.1690993
1556436210,58.22351608,29.48823359,85.34682596,0.688644038,28.11111111,0.711095309,227.6
1556436220,58.22351608,29.48823359,85.34682596,0.688644038,28.79470728,0.733333333,229.0801714
1556436230,56.66244641,28.51111111,83.8960462,0.622001066,28.79470728,0.555518521,229.0801714
1556436240,53.97601066,27.1705323,76.31351135,0.488606583,26.14726672,0.555518521,225.5578994
1556436250,53.97601066,27.1705323,76.31351135,0.488606583,21.90770325,0.488888889,208.2472853
1556436260,49.50121087,24.17348027,69.1851819,0.333185251,21.90770325,0.288696425,208.2472853
1556436270,45.67739645,22.7984801,65.53257727,0.155610884,12.86838245,0.288696425,193.5175723
1556436280,45.67739645,22.7984801,65.53257727,0.155610884,11.45276292,0.155538274,181.5310707
1556436290,45.55044751,23.2051567,66.54208103,0.088877039,11.45276292,0.066668148,181.5310707
1556436300,44.9667859,22.7020056,67.42323097,0.066714108,8.623755334,0.066668148,179.5983721
1556436310,44.9667859,22.7020056,67.42323097,0.066714108,8.095545226,0.066702241,178.3370047
1556436320,45.54865424,22.49038825,66.28459727,0.044429635,8.095545226,0.044451359,178.3370047
1556436330,44.03828644,21.35547317,64.73189485,0.022232103,2.600577906,0.044451359,177.6396136
1556436340,44.03828644,21.35547317,64.73189485,0.022232103,0.066666667,0.022221728,174.6405635
1556436350,43.62900896,21.73864722,63.35555556,0,0.066666667,0,174.6405635
1556436360,42.80380478,21.85295292,62.84596403,0,0.044444444,0,170.3073265
1556436370,42.80380478,21.85295292,62.84596403,0,0.044442469,0,168.7815285
1556436380,32.83621619,21.13412382,62.15141213,0,0.044442469,0,168.7815285
1556436390,39.94487296,19.64396697,58.35425879,0,0.022222222,0,167.5406631
1556436400,39.94487296,19.64396697,58.35425879,0,0,0,163.9238679
1556436410,39.01095239,18.6751547,58.26796151,0,0,0,163.9238679
1556436420,25.62715207,18.73333333,57.00380025,0,0,0,158.2644261
1556436430,32.32999634,18.73333333,57.00380025,0,0,0,157.2396933
1556436440,39.58944282,19.46564036,59.24576102,0,0,0,157.2396933
1556436450,40.52101625,20.28721728,57.397449,0,0.022231115,0,160.1512119
1556436460,40.52101625,20.28721728,57.397449,0,0.022222222,0,160.1894259
1556436470,40.22937411,20.51111111,58.44444444,0,0.022222222,0,160.1894259
1556436480,41.74446519,20.41541708,58.73333333,0,0.022222222,0,161.0466924
1556436490,41.74446519,20.41541708,58.73333333,0,0.022222222,0,161.701655
1556436500,40.96921196,20.26831602,59.93599716,0,0.022222222,0,161.701655
1556436510,40.93658276,20.4,60.68619172,0,0.044444444,0,163.9129469
1556436520,40.93658276,20.4,60.68619172,0,0.088888889,0,163.6573611
1556436530,40.55104988,20.47349116,62.2,0,0.088888889,0,163.6573611
1556436540,41.1537265,20.33333333,62.60548992,0,0.088879013,0,166.9701546
1556436550,41.1537265,20.33333333,62.60548992,0,0.088888889,0,165.9142965
1556436560,41.02313385,20.59954223,61.91523879,0,0.088888889,0,165.9142965
1556436570,40.97052958,20.77270001,61.7986267,0,0.044444444,0,165.747331
1556436580,40.97052958,20.77270001,61.7986267,0,0.022224692,0,161.0686004
1556436590,40.17688496,20.28888889,61.90518545,0,0.022224692,0,161.0686004
1556436600,40.07370898,19.8613703,61.82222222,0,0,0,160.5519877
1556436610,40.07370898,19.8613703,61.82222222,0,0,0,161.7669933
1556436620,39.78602474,19.53941226,62.02360052,0,0,0,161.7669933
1556436630,40.44534323,20.37098745,62.45974101,0,0,0,162.6821898
1556436640,40.44534323,20.37098745,62.45974101,0,0,0,165.2
1556436650,41.26073224,20.09424735,61.95555556,0,0,0,165.2
1556436660,40.78415701,19.86225283,58.99868892,0,0,0,165.2299489
1556436670,40.78415701,19.86225283,58.99868892,0,0,0,163.337407
1556436680,40.12530827,19.25043347,56.82525567,0,0,0,163.337407
1556436690,39.3189164,19.71154915,56.66666667,0,0.022223704,0,159.7813285
1556436700,27.38546144,19.71154915,56.66666667,0,0.022222222,0,158.8893088
1556436710,20.8357422,18.64734514,54.73454966,0,0.022222222,0,158.8893088
1556436720,37.74172038,18.35188518,54.29834107,0,0.022221728,0,158.0526842
1556436730,37.74172038,18.35188518,54.29834107,0,0.02221235,0,158.8151638
1556436740,18.89553946,17.6623492,54.53212151,0,0.02221235,0,158.8151638
1556436750,25.71696308,18.72958742,57.24444444,0,0.022222716,0,159.1964623
1556436760,32.4451894,18.72958742,57.24444444,0,0.044445432,0,162.2630608
1556436770,41.17228814,19.2709491,60.81832333,0,0.044445432,0,162.2630608
1556436780,42.21500978,20.8629577,64.49032201,0,0.066696309,0,165.2593218
1556436790,42.21500978,20.8629577,64.49032201,0,5.822351608,0,168.8444444
1556436800,44.0434657,22.47265938,67.97022553,0,5.822351608,0,168.8444444
1556436810,45.36261196,23.17777778,69.0482538,0,10.3780084,0,175.2483389
1556436820,45.36261196,23.17777778,69.0482538,0,17.42144794,0,175.6600587
1556436830,46.46666667,23.78676389,69.78759332,0,17.42144794,0,175.6600587
1556436840,46.26666667,23,70.28888889,0,18.46502533,0,184.3111111
1556436850,46.26666667,23,70.28888889,0,21.57681881,0,185.4663293
1556436860,45.9343541,23.46405955,71.12543051,0,21.57681881,0,185.4663293
1556436870,45.2,22.39800907,68.67429714,0,17.80079115,0,190.0413278
1556436880,45.2,22.39800907,68.67429714,0,11.77228405,0,181.2666667
1556436890,44.75456101,22.77777778,66.98522058,0,11.77228405,0,181.2666667
1556436900,44.37679163,22.33482232,66.69186137,0,5.75478825,0,175.4104926
1556436910,44.37679163,22.33482232,66.69186137,0,10.35532544,0,175.1489021
1556436920,45.99284556,23.42482498,69.69353512,0,10.35532544,0,175.1489021
1556436930,46.46769928,23.10546311,70.95555556,0,16.80933852,0,183.2666667
1556436940,46.46769928,23.10546311,70.95555556,0,23.29302987,0,188.8456838
1556436950,47.86666667,23.53437931,71.26666667,0,23.29302987,0,188.8456838
1556436960,46.60621416,23.35607458,68.96704661,0,23.02273384,0,192.8709527
1556436970,46.60621416,23.35607458,68.96704661,0,22.75555556,0,187.3555556
1556436980,46.86666667,23.6057703,70.13021643,0,22.75555556,0,187.3555556
1556436990,47.35660792,24.32738664,71.10795076,0,22.08839804,0,187.42499
1556437000,47.35660792,24.32738664,71.10795076,0,21.33333333,0,184.3169496
1556437010,47.17987466,24.11111111,72.92849667,0,21.33333333,0,184.3169496
1556437020,46.4,23.77566439,69.09042423,0,18.19959556,0,186.2877663
1556437030,46.4,23.77566439,69.09042423,0,11.02197729,0,177.7516055
1556437040,43.53037803,21.93869613,67.92880475,0,11.02197729,0,177.7516055
1556437050,42.99808897,20.93333333,65.2,0,6.68874025,0,177.1752417
1556437060,42.99808897,20.93333333,65.2,0,3.199786681,0,173.9246534
1556437070,42.33333333,20.68980844,67.35555556,0,3.199786681,0,173.9246534
1556437080,44.0247375,21.77777778,66.76145831,0,6.553371099,0,179.3840548
1556437090,44.0247375,21.77777778,66.76145831,0,6.222222222,0,174.1072421
1556437100,43.86569187,22.24444444,67.64594769,0,6.222222222,0,174.1072421
1556437110,45.24444444,23.33437042,66.80148448,0,8.823006489,0,174.205175
1556437120,45.24444444,23.33437042,66.80148448,0,6.135651246,0,171.1371364
1556437130,44.24444444,23.24651968,65.25894643,0,6.135651246,0,171.1371364
1556437140,44.48987755,22.99693374,65.57777778,0,3.933245928,0,172.6
1556437150,44.48987755,22.99693374,65.57777778,0,6.755555556,0,172.9294905
1556437160,44.44444444,22.35505878,66.33333333,0,6.755555556,0,172.9294905
1556437170,45.83527739,22.47290815,67.14228564,0,11.57777778,0,178.0118675
1556437180,45.83527739,22.47290815,67.14228564,0,13.14037113,0,180.3945089
1556437190,45.91213138,23.20257806,66.77777778,0,13.14037113,0,180.3945089
1556437200,45.37777778,22.57727606,66.04444444,0,10.9553121,0,182.9252033
1556437210,45.37777778,22.57727606,66.04444444,0,8.066666667,0,178.2
1556437220,44.185633,22.61345679,65.80350004,0,8.066666667,0,178.2
1556437230,44.1990178,21.66666667,64.13333333,0,8.025967674,0,178.8048553
1556437240,44.1990178,21.66666667,64.13333333,0,4.465376669,0,174.6772437
1556437250,43.66666667,21.91111111,63.35414769,0,4.465376669,0,174.6772437
1556437260,42.48983311,20.80696378,62.34585731,0,1.555417296,0,175.1883208
1556437270,42.48983311,20.80696378,62.34585731,0,0.02223853,0,171.0704682
1556437280,42.4,20.95602124,63.73333333,0,0.02223853,0,171.0704682
1556437290,41.93333333,21.59904004,64.26809485,0,0.088916552,0,166.4629403
1556437300,41.93333333,21.59904004,64.26809485,0,2.355764957,0,163.8331444
1556437310,43.55555556,22.25483003,65.65241532,0,2.355764957,0,163.8331444
1556437320,43.06762372,23.06512899,65.88888889,0,4.2441615,0,166.6666667
1556437330,43.06762372,23.06512899,65.88888889,0,4.2,0,170.384359
1556437340,42.66666667,21.53524758,64.33333333,0,4.2,0,170.384359
1556437350,40.86575854,20.8893531,63.2348692,0,1.9555121,0,170.3219785
1556437360,40.86575854,20.8893531,63.2348692,0,0.044447408,0,166.7333333
1556437370,40.75555556,19.74327085,63.66242251,0,0.044447408,0,166.7333333
1556437380,41.49092039,20.59313562,64.62222222,0,0.866666667,0,170.1266948
1556437390,41.49092039,20.59313562,64.62222222,0,0.844219319,0,168.6629186
1556437400,41.13424743,20.40498789,63.2660779,0,0.844219319,0,168.6629186
1556437410,40.97723487,21.12566435,61.07073805,0,0.844425679,0,164.7043142
1556437420,40.97723487,21.12566435,61.07073805,0,0,0,155.5155715
1556437430,39.91372409,20.78424399,59.84178481,0,0,0,155.5155715
1556437440,39.97777778,20.02222222,57.89403503,0,0,0,156.0360921
1556437450,39.97777778,20.02222222,57.89403503,0,0,0,154.5078688
1556437460,39.7331851,20.13333333,59.19736901,0,0,0,154.5078688
1556437470,41.03863768,20.82268495,59.98044358,0,0,0,157.911118
1556437480,41.03863768,20.82268495,59.98044358,0,0,0,158.7555556
1556437490,41.30927514,21.72078355,62.94964029,0,0,0,158.7555556
1556437500,41.42222222,21.2,62.15831815,0,0.022224198,0,160.5182453
1556437510,41.42222222,21.2,62.15831815,0,0.022222222,0,159.8429737
1556437520,40.15555556,20.51065532,63.5985867,0,0.022222222,0,159.8429737
1556437530,41.8907507,21.94601325,63.93475411,0,0.066681485,0,161.5519655
1556437540,41.8907507,21.94601325,63.93475411,0,0.28887605,0,162.5555556
1556437550,42.70865722,22.10177925,64.6207862,0,0.28887605,0,162.5555556
1556437560,43.3179314,22.20595412,61.50837741,0,1.711187164,0,166.3029925
1556437570,43.3179314,22.20595412,61.50837741,0,1.688851359,0,163.0739144
1556437580,32.97359408,20.66839643,58.93341636,0,1.688851359,0,163.0739144
1556437590,34.06412594,18.24768848,52.22338274,0,1.444540747,0,161.8222222
1556437600,34.06412594,18.24768848,52.22338274,0,0.022222222,0,110.0888889
1556437610,24.74213054,11.44230983,33.58001645,0,0.022222222,0,110.0888889
1556437620,4.204752658,4.765404057,14.82255161,0,0,0,57.55555556
1556437630,5.304789326,4.765404057,14.82255161,0,0,0,6.044310126
1556437640,4.40009778,0,0,0,0,0,6.044310126
1556437650,0,0,0,0,0,0,0
1556437660,0,0,0,0,0,0,0
1556437670,0,0,0,0,0,0,0
1556437680,0,0,0,0,0,0,0
1556437690,0,0,0,0,0,0,0
1556437700,0,0,0,0,0,0,0
1556437710,0,0,0,0,0,0,0
1556437720,0,0,0,0,0,0,0
1556437730,0,0,0,0,0,0,0
1556437740,0,0,0,0,0,0,0
1556437750,0,0,0,0,0,0,0
1556437760,0,0,0,0,0,0,0
1556437770,0,0,0,0,0,0,0
1556437780,0,0,0,0,0,0,0
1556437790,0,0,0,0,0,0,0
1556437800,0,0,0,0,0,0,0
1556437810,0,0,0,0,0,0,0
1556437820,0,0,0,0,0,0,0
1556437830,0,0,0,0,0,0,0
1556437840,0,0,0,0,0,0,0
1556437850,0,0,0,0,0,0,0
1556437860,0,0,0,0,0,0,0
1556437870,0,0,0,0,0,0,0
1556437880,0,0,0,0,0,0,0
1556437890,0,0,0,0,0,0,0
1556437900,0,0,0,0,0,0,0
1556437910,0,0,0,0,0,0,0
1556437920,0,0,0,0,0,0,0
1556437930,0,0,0,0,0,0,0
1556437940,0,0,0,0,0,0,0
1556437950,0,0,0,0,0,0,0
1556437960,0,0,0,0,0,0,0
1556437970,0,0,0,0,0,0,0
1556437980,0,0,0,0,0,0,0
1556437990,0,0,0,0,0,0,0
1556438000,0,0,0,0,0,0,0
1556438010,0,0,0,0,0,0,0
1556438020,0,0,0,0,0,0,0
1556438030,0,0,0,0,0,0,0
1556438040,0,0,0,0,0,0,0
1556438050,0,0,0,0,0,0,0
1556438060,0,0,0,0,0,0,0
1556438070,0,0,0,0,0,0,0
1556438080,0,0,0,0,0,0,0
1556438090,0,0,0,0,0,0,0
1556438100,0,0,0,0,0,0,0
1556438110,0,0,0,0,0,0,0
1556438120,0,0,0,0,0,0,0
1556438130,0,0,0,0,0,0,0
1556438140,0,0,0,0,0,0,0
1556438150,0,0,0,0,0,0,0
1556438160,0,0,0,0,0,0,0
1556438170,0,0,0,0,0,0,0
1556438180,0,0,0,0,0,0,0
1556438190,0,0,0,0,0,0,0
1556438200,0,0,0,0,0,0,0
1556438210,0,0,0,0,0,0,0
1556438220,0,0,0,0,0,0,0
1556438230,0,0,0,0,0,0,0
1556438240,0,0,0,0,0,0,0
1556438250,0,0,0,0,0,0,0
1556438260,0,0,0,0,0,0,0
1556438270,0,0,0,0,0,0,0
1556438280,0,0,0,0,0,0,0
1556438290,0,0,0,0,0,0,0
1556438300,0,0,0,0,0,0,0
1556438310,0,0,0,0,0,0,0
1556438320,0,0,0,0,0,0,0
1556438330,0,0,0,0,0,0,0
1556438340,0,0,0,0,0,0,0
1556438350,0,0,0,0,0,0,0
1556438360,0,0,0,0,0,0,0
1556438370,0,0,0,0,0,0,0
1556438380,0,0,0,0,0,0,0
1556438390,0,0,0,0,0,0,0
1556438400,0,0,0,0,0,0,0
1556438410,0,0,0,0,0,0,0
1556438420,0,0,0,0,0,0,0
1556438430,0,0,0,0,0,0,0
1556438440,0,0,0,0,0,0,0
1556438450,0,0,0,0,0,0,0
1556438460,0,0,0,0,0,0,0
1556438470,0,0,0,0,0,0,0
1556438480,0,0,0,0,0,0,0
1556438490,0,0,0,0,0,0,0
1556438500,0,0,0,0,0,0,0
1556438510,0,0,0,0,0,0,0
1556438520,0,0,0,0,0,0,0
1556438530,0,0,0,0,0,0,0
1556438540,0,0,0,0,0,0,0
1556438550,0,0,0,0,0,0,0
1556438560,0,0,0,0,0,0,0
1556438570,0,0,0,0,0,0,0
1556438580,0,0,0,0,0,0,0
1556438590,0,0,0,0,0,0,0
1556438600,0,0,0,0,0,0,0
1556438610,0,0,0,0,0,0,0
1556438620,0,0,0,0,0,0,0
1556438630,0,0,0,0,0,0,0
1556438640,0,0,0,0,0,0,0
1556438650,0,0,0,0,0,0,0
1556438660,0,0,0,0,0,0,0
1556438670,0,0,0,0,0,0,0
1556438680,0,0,0,0,0,0,0
1556438690,0,0,0,0,0,0,0
1556438700,0,0,0,0,0,0,0
1556438710,0,0,0,0,0,0,0
1556438720,0,0,0,0,0,0,0
1556438730,0,0,0,0,0,0,0
1556438740,0,0,0,0,0,0,0
1556438750,0,0,0,0,0,0,0
1556438760,0,0,0,0,0,0,0
1556438770,0,0,0,0,0,0,0
1556438780,0,0,0,0,0,0,0
1556438790,0,0,0,0,0,0,0
1556438800,0,0,0,0,0,0,0
1556438810,0,0,0,0,0,0,0
1556438820,0,0,0,0,0,0,0
1556438830,0,0,0,0,0,0,0
1556438840,0,0,0,0,0,0,0
1556438850,0,0,0,0,0,0,0
1556438860,0,0,0,0,0,0,0
1556438870,0,0,0,0,0,0,0
1556438880,0,0,0,0,0,0,0
1556438890,0,0,0,0,0,0,0
1556438900,0,0,0,0,0,0,0
1556438910,0,0,0,0,0,0,0
1556438920,0,0,0,0,0,0,0
1556438930,0,0,0,0,0,0,0
1556438940,0,0,0,0,0,0,0
1556438950,0,0,0,0,0,0,0
1556438960,0,0,0,0,0,0,0
1556438970,0,0,0,0,0,0,0
1556438980,0,0,0,0,0,0,0
1556438990,0,0,0,0,0,0,0
1556439000,0,0,0,0,0,0,0
1556439010,0,0,0,0,0,0,0
1556439020,0,0,0,0,0,0,0
1556439030,0,0,0,0,0,0,0
1556439040,0,0,0,0,0,0,0
1556439050,0,0,0,0,0,0,0
1556439060,0,0,0,0,0,0,0
1556439070,0,0,0,0,0,0,0
1556439080,0,0,0,0,0,0,0
1556439090,0,0,0,0,0,0,0
1556439100,0,0,0,0,0,0,0
1556439110,0,0,0,0,0,0,0
1556439120,0,0,0,0,0,0,0
1556439130,0,0,0,0,0,0,0
1556439140,0,0,0,0,0,0,0
1556439150,0,0,0,0,0,0,0
1556439160,0,0,0,0,0,0,0
1556439170,0,0,0,0,0,0,0
1556439180,0,0,0,0,0,0,0
1556439190,0,0,0,0,0,0,0
1556439200,0,0,0,0,0,0,0
1556439210,0,0,0,0,0,0,0
1556439220,0,0,0,0,0,0,0
1556439230,0,0,0,0,0,0,0
1556439240,0,0,0,0,0,0,0
1556439250,0,0,0,0,0,0,0
1556439260,0,0,0,0,0,0,0
1556439270,0,0,0,0,0,0,0
1556439280,0,0,0,0,0,0,0
1556439290,0,0,0,0,0,0,0
1556439300,0,0,0,0,0,0,0
1556439310,0,0,0,0,0,0,0
1556439320,0,0,0,0,0,0,0
1556439330,0,0,0,0,0,0,0
1556439340,0,0,0,0,0,0,0
1556439350,0,0,0,0,0,0,0
1556439360,0,0,0,0,0,0,0
1556439370,0,0,0,0,0,0,0
1556439380,0,0,0,0,0,0,0
1556439390,0,0,0,0,0,0,0
1556439400,0,0,0,0,0,0,0
1556439410,0,0,0,0,0,0,0
1556439420,0,0,0,0,0,0,0
1556439430,0,0,0,0,0,0,0
1556439440,0,0,0,0,0,0,0
1556439450,0,0,0,0,0,0,0
1556439460,0,0,0,0,0,0,0
1556439470,0,0,0,0,0,0,0
1556439480,0,0,0,0,0,0,0
1556439490,0,0,0,0,0,0,0
1556439500,0,0,0,0,0,0,0
1556439510,0,0,0,0,0,0,0
1556439520,0,0,0,0,0,0,0
1556439530,0,0,0,0,0,0,0
1556439540,0,0,0,0,0,0,0
1556439550,0,0,0,0,0,0,0
1556439560,0,0,0,0,0,0,0
1556439570,0,0,0,0,0,0,0
1556439580,0,0,0,0,0,0,0
1556439590,0,0,0,0,0,0,0
1556439600,0,0,0,0,0,0,0
1556439610,0,0,0,0,0,0,0
1556439620,0,0,0,0,0,0,0
1556439630,0,0,0,0,0,0,0
1556439640,0,0,0,0,0,0,0
1556439650,0,0,0,0,0,0,0
1556439660,0,0,0,0,0,0,0
1556439670,0,0,0,0,0,0,0
1556439680,0,0,0,0,0,0,0
1556439690,0,0,0,0,0,0,0
1556439700,0,0,0,0,0,0,0
1556439710,0,0,0,0,0,0,0
1556439720,0,0,0,0,0,0,0
1556439730,0,0,0,0,0,0,0
1556439740,0,0,0,0,0,0,0
1556439750,0,0,0,0,0,0,0
1556439760,0,0,0,0,0,0,0
1556439770,0,0,0,0,0,0,0
1556439780,0,0,0,0,0,0,0
1556439790,0,0,0,0,0,0,0
1556439800,0,0,0,0,0,0,0
1556439810,0,0,0,0,0,0,0
1556439820,0,0,0,0,0,0,0
1556439830,0,0,0,0,0,0,0
1556439840,0,0,0,0,0,0,0
1556439850,0,0,0,0,0,0,0
1556439860,0,0,0,0,0,0,0
1556439870,0,0,0,0,0,0,0
1556439880,0,0,0,0,0,0,0
1556439890,0,0,0,0,0,0,0
1556439900,0,0,0,0,0,0,0
1556439910,0,0,0,0,0,0,0
1556439920,0,0,0,0,0,0,0
1556439930,0,0,0,0,0,0,0
1556439940,0,0,0,0,0,0,0
1556439950,0,0,0,0,0,0,0
1556439960,0,0,0,0,0,0,0
1556439970,0,0,0,0,0,0,0
1556439980,0,0,0,0,0,0,0
1556439990,0,0,0,0,0,0,0
1556440000,0,0,0,0,0,0,0
1556440010,0,0,0,0,0,0,0
1556440020,0,0,0,0,0,0,0
1556440030,0,0,0,0,0,0,0
1556440040,0,0,0,0,0,0,0
1556440050,0,0,0,0,0,0,0
1556440060,0,0,0,0,0,0,0
1556440070,0,0,0,0,0,0,0
1556440080,0,0,0,0,0,0,0
1556440090,0,0,0,0,0,0,0
1556440100,0,0,0,0,0,0,0
1556440110,0,0,0,0,0,0,0
1556440120,0,0,0,0,0,0,0
1556440130,0,0,0,0,0,0,0
1556440140,0,0,0,0,0,0,0
1556440150,0,0,0,0,0,0,0
1556440160,0,0,0,0,0,0,0
1556440170,0,0,0,0,0,0,0
1556440180,0,0,0,0,0,0,0
1556440190,0,0,0,0,0,0,0
1556440200,0,0,0,0,0,0,0
1556440210,0,0,0,0,0,0,0
1556440220,0,0,0,0,0,0,0
1556440230,0,0,0,0,0,0,0
1556440240,0,0,0,0,0,0,0
1556440250,0,0,0,0,0,0,0
1556440260,0,0,0,0,0,0,0
1556440270,0,0,0,0,0,0,0
1556440280,0,0,0,0,0,0,0
1556440290,0,0,0,0,0,0,0
1556440300,0,0,0,0,0,0,0
1556440310,0,0,0,0,0,0,0
1556440320,0,0,0,0,0,0,0
1556440330,0,0,0,0,0,0,0
1556440340,0,0,0,0,0,0,0
1556440350,0,0,0,0,0,0,0
1556440360,0,0,0,0,0,0,0
1556440370,0,0,0,0,0,0,0
1556440380,0,0,0,0,0,0,0
1556440390,0,0,0,0,0,0,0
1556440400,0,0,0,0,0,0,0
1556440410,0,0,0,0,0,0,0
1556440420,0,0,0,0,0,0,0
1556440430,0,0,0,0,0,0,0
1556440440,0,0,0,0,0,0,0
1556440450,0,0,0,0,0,0,0
1556440460,0,0,0,0,0,0,0
1556440470,0,0,0,0,0,0,0
1556440480,0,0,0,0,0,0,0
1556440490,0,0,0,0,0,0,0
1556440500,0,0,0,0,0,0,0
1556440510,0,0,0,0,0,0,0
1556440520,0,0,0,0,0,0,0
1556440530,0,0,0,0,0,0,0
1556440540,0,0,0,0,0,0,0
1556440550,0,0,0,0,0,0,0
1556440560,0,0,0,0,0,0,0
1556440570,0,0,0,0,0,0,0
1556440580,0,0,0,0,0,0,0
1556440590,0,0,0,0,0,0,0
1556440600,0,0,0,0,0,0,0
1556440610,0,0,0,0,0,0,0
1556440620,0,0,0,0,0,0,0
1556440630,0,0,0,0,0,0,0
1556440640,0,0,0,0,0,0,0
1556440650,0,0,0,0,0,0,0
1556440660,0,0,0,0,0,0,0
1556440670,0,0,0,0,0,0,0
1556440680,0,0,0,0,0,0,0
1556440690,0,0,0,0,0,0,0
1556440700,0,0,0,0,0,0,0
1556440710,0,0,0,0,0,0,0
1556440720,0,0,0,0,0,0,0
1556440730,0,0,0,0,0,0,0
1556440740,0,0,0,0,0,0,0
1556440750,0,0,0,0,0,0,0
1556440760,0,0,0,0,0,0,0
1556440770,0,0,0,0,0,0,0
1556440780,0,0,0,0,0,0,0
1556440790,0,0,0,0,0,0,0
1556440800,0,0,0,0,0,0,0
1556440810,0,0,0,0,0,0,0
1556440820,0,0,0,0,0,0,0
1556440830,0,0,0,0,0,0,0
1556440840,0,0,0,0,0,0,0
1556440850,0,0,0,0,0,0,0
1556440860,23.54038509,0,3.287792958,0,0,0,0
1556440870,23.54038509,0,3.287792958,0,0,0,47.5904819
1556440880,45.55454323,3.063535053,41.88888889,0,0,0,47.5904819
1556440890,61.57640941,13.51021043,87.9313793,0.933250378,0.333333333,0,97.28888889
1556440900,61.57640941,13.51021043,87.9313793,0.933250378,2.933333333,1.422222222,166.5740761
1556440910,53.99034934,25.3881522,122.2407469,4.117607781,2.933333333,4.821900762,166.5740761
1556440920,50.21217979,33.92356631,124.4666667,9.622222222,7.624594318,4.821900762,189.3934342
1556440930,50.21217979,33.92356631,124.4666667,9.622222222,15.62222222,11,222.2617275
1556440940,55.57530776,35.68888889,121.2249161,15.93297927,15.62222222,16.64111622,222.2617275
1556440950,58.06308307,35.73410276,124.5362657,20.12589769,22.48738973,16.64111622,237.4922243
1556440960,58.06308307,35.73410276,124.5362657,20.12589769,27.5339452,19.86313544,249.061132
1556440970,62.67920251,34.95555556,122.4,21.68840692,27.5339452,21.46666667,249.061132
1556440980,59.9124425,34.46131983,117.8129024,20.26891877,28.86214005,21.46666667,253.5439719
1556440990,59.9124425,34.46131983,117.8129024,20.26891877,29.75489434,20.29294748,246.7824038
1556441000,62.64449582,32.65442404,115.3957218,19.49078921,29.75489434,19.58125889,246.7824038
1556441010,57.46666667,31.53123125,109.6864514,17.88928643,28.77777778,19.58125889,245.3668726
1556441020,57.46666667,31.53123125,109.6864514,17.88928643,29.1847403,17.06666667,236.2700736
1556441030,59.71111111,29.29205311,104.7246196,16.84444444,29.1847403,16.70999711,236.2700736
1556441040,58.27417924,30.00421969,102.3277509,15.26259664,29.33594097,16.70999711,236.8666667
1556441050,58.27417924,30.00421969,102.3277509,15.26259664,30,15.06767118,234.6326503
1556441060,63.28607617,30.55623458,103.5578568,14.42061993,30,14.44444444,234.6326503
1556441070,60.91246472,31,102.5156674,11.97777778,27.86976331,14.44444444,239.3017767
1556441080,60.91246472,31,102.5156674,11.97777778,27.59938668,11.12937622,236.878361
1556441090,60.26616816,29.48107964,98.95682733,10.59326729,27.59938668,10.45713905,236.878361
1556441100,56.78688816,29.04573537,93.86666667,8.289809979,27.71111111,10.45713905,238.9449358
1556441110,56.78688816,29.04573537,93.86666667,8.289809979,29.30052505,8.479279039,229.5537381
1556441120,57.04444444,28.75555556,93.13333333,8.266666667,29.30052505,8.359084947,229.5537381
1556441130,56.82272909,29.91443494,90.98386165,6.175178902,28.6685024,8.359084947,233.8417816
1556441140,56.82272909,29.91443494,90.98386165,6.175178902,29.82222222,6.694988768,228.0101338
1556441150,58.37794611,29.10852369,95.51111111,6.021553161,29.82222222,5.739583102,228.0101338
1556441160,58.6,29.59210877,92.17777778,5.066666667,29.15944348,5.739583102,235.6052357
1556441170,58.6,29.59210877,92.17777778,5.066666667,29.77077173,5.066666667,232.491504
1556441180,59.4,29.59473871,92.38357625,4.488988644,29.77077173,4.111019755,232.491504
1556441190,56.8045497,29.82487332,86.95555556,3.349823635,28.97777778,4.111019755,231.8254533
1556441200,56.8045497,29.82487332,86.95555556,3.349823635,28.75555556,3.26499789,222.2395058
1556441210,56.70985089,28.8743665,87.9457838,2.599942224,28.75555556,2.377777778,222.2395058
1556441220,55.53333333,28.2945478,84.87798373,2.066666667,27.32519423,2.377777778,221.826677
1556441230,55.53333333,28.2945478,84.87798373,2.066666667,27.46605631,1.822222222,222.0616999
1556441240,56.18952286,27.50683227,84.95512308,1.489749633,27.46605631,1.400715921,222.0616999
1556441250,55.17900398,27.97715606,83.03144794,1.088913087,28.13520901,1.400715921,227.2272717
1556441260,55.17900398,27.97715606,83.03144794,1.088913087,27.89828472,1.066666667,224.2766345
1556441270,55.23133252,27.27979562,83.71483177,0.866454867,27.89828472,0.909877721,224.2766345
1556441280,51.5427303,26.6846779,76.9401478,0.533214841,23.46666667,0.909877721,217.3556285
1556441290,51.5427303,26.6846779,76.9401478,0.533214841,14.18298042,0.510827318,199.2586345
1556441300,48.17190934,24.29778083,70.60128689,0.332992941,14.18298042,0.310986716,199.2586345
1556441310,43.35150773,21.8457918,62.04582324,0.111135808,5.631554442,0.310986716,183.1771134
1556441320,43.35150773,21.8457918,62.04582324,0.111135808,0.044445432,0.044505763,171.821765
1556441330,42.60801955,21.20779626,62.3291173,0,0.044445432,0,171.821765
1556441340,42.86699442,21.16189967,63.94391275,0.022244467,0.177983448,0,173.633512
1556441350,42.86699442,21.16189967,63.94391275,0.022244467,7.528174974,0.02223062,179.9440174
1556441360,46,22.88650163,69.55555556,0.044441482,7.528174974,0.066666667,179.9440174
1556441370,48.85594729,24.64499211,74.84370481,0.066715591,17.11111111,0.066666667,187.9958223
1556441380,48.85594729,24.64499211,74.84370481,0.066715591,24.80055112,0.066677039,199.3644162
1556441390,51.26666667,25.50827686,78.08368331,0.066665185,24.80055112,0.066665185,199.3644162
1556441400,52.50994422,26.09700796,79.21870139,0.044448395,27.22206186,0.066665185,207.5027224
1556441410,52.50994422,26.09700796,79.21870139,0.044448395,25.17553995,0.022221235,207.3111111
1556441420,52.23266876,25.84731637,78.2566177,0.022242982,25.17553995,0.022217779,207.3111111
1556441430,52,26.40293366,77.7607396,0,25.7339052,0.022217779,207.1601591
1556441440,52,26.40293366,77.7607396,0,24.69245657,0,202.2329471
1556441450,51.57707685,26.39706699,76.95726572,0,24.69245657,0,202.2329471
1556441460,51.44444444,24.865009,76.62222222,0,26.1578807,0,203.5111111
1556441470,51.44444444,24.865009,76.62222222,0,25.35555556,0,203.6666667
1556441480,50.26666667,24.75555556,76.35555556,0,25.35555556,0,203.6666667
1556441490,50.75025008,24.82663585,77.65458706,0,25.77777778,0,203.8131639
1556441500,50.75025008,24.82663585,77.65458706,0,24.46666667,0,203.8929873
1556441510,50.74089707,26.26841789,77.13333333,0,24.46666667,0,203.8929873
1556441520,51.37777778,26.53333333,76.84444444,0,24.86666667,0,201.3333333
1556441530,51.37777778,26.53333333,76.84444444,0,24.93333333,0,199.6088715
1556441540,49.8634638,25.48832248,77.84936681,0,24.93333333,0,199.6088715
1556441550,50.63122333,25.24444444,76.53333333,0,25.35555556,0,207.0536468
1556441560,50.63122333,25.24444444,76.53333333,0,25.47827245,0,205.1162481
1556441570,50.75555556,25.48888889,76.86666667,0,25.47827245,0,205.1162481
1556441580,50.57266763,25.35217527,74.13000511,0,24.57777778,0,202.4444444
1556441590,50.57266763,25.35217527,74.13000511,0,24.3989156,0,195.7338074
1556441600,49.36104012,25.42222222,74.13333333,0,24.3989156,0,195.7338074
1556441610,48.95555556,24.53006266,72.40774067,0,24.02723086,0,193.6200956
1556441620,48.95555556,24.53006266,72.40774067,0,24.57777778,0,195.8487966
1556441630,48.89649501,24.36315988,71.5762791,0,24.57777778,0,195.8487966
1556441640,47.4,22.84444444,69.55246433,0,21.20047112,0,196.1817131
1556441650,47.4,22.84444444,69.55246433,0,18.21776899,0,192.2718188
1556441660,46.6,22.11405965,68.92489609,0,18.21776899,0,192.2718188
1556441670,46.82155391,22.75102858,70.14228546,0,17.576606,0,191.5957423
1556441680,46.82155391,22.75102858,70.14228546,0,20.79953779,0,193.6043023
1556441690,47.99893336,23,72.82545891,0,20.79953779,0,193.6043023
1556441700,48.79891558,24.13333333,73.82222222,0,24.05246193,0,202.6053708
1556441710,48.79891558,24.13333333,73.82222222,0,24.51274529,0,201.6267028
1556441720,49.00241905,23.35451758,72.9094909,0,24.51274529,0,201.6267028
1556441730,48.75663904,24.04391014,71.35555556,0,24.4233077,0,200.671126
1556441740,48.75663904,24.04391014,71.35555556,0,25.53757482,0,194.7408198
1556441750,49.17777778,23.82222222,72.53333333,0,25.53757482,0,194.7408198
1556441760,49.63055284,24.77942974,72.06826818,0,23.7544998,0,196.5868942
1556441770,49.63055284,24.77942974,72.06826818,0,23.35036659,0,189.4942672
1556441780,48.28781583,24.7994489,74.46335718,0,23.35036659,0,189.4942672
1556441790,48.44552101,24.13279705,72.53333333,0,23.25477792,0,195.856832
1556441800,48.44552101,24.13279705,72.53333333,0,24.46775412,0,195.582124
1556441810,47.16813372,23.62222222,74.24444444,0,24.46775412,0,195.582124
1556441820,48.35663015,23.31111111,72.55878039,0,24.76105801,0,201.2800853
1556441830,48.35663015,23.31111111,72.55878039,0,24.05864712,0,195.4833686
1556441840,47.51111111,24.22222222,74.48888889,0,24.05864712,0,195.4833686
1556441850,48.26636459,24.49804549,73.71111111,0,23.73333333,0,191.2931398
1556441860,48.26636459,24.49804549,73.71111111,0,22.71111111,0,185.6847626
1556441870,48.26666667,25.08944643,73.4,0,22.71111111,0,185.6847626
1556441880,48.6,25.01944228,72.06666667,0,21.93333333,0,186.6503776
1556441890,48.6,25.01944228,72.06666667,0,19.15512989,0,187.2722425
1556441900,47.162679,24.30130956,71.50302735,0,19.15512989,0,187.2722425
1556441910,47.26666667,23.79682709,70.75555556,0,19.66579263,0,189.9417752
1556441920,47.26666667,23.79682709,70.75555556,0,20.00799432,0,184.448985
1556441930,47.08888889,23.37362247,70.92702871,0,20.00799432,0,184.448985
1556441940,46.8645838,23.20051557,69.62659482,0,21.97728939,0,188.2389546
1556441950,46.8645838,23.20051557,69.62659482,0,20.31572637,0,184.0462171
1556441960,45.73333333,23.00357833,67.71111111,0,20.31572637,0,184.0462171
1556441970,43.75458323,22.10521639,65.57704692,0,12.45939572,0,180.85201
1556441980,43.75458323,22.10521639,65.57704692,0,6.355273099,0,174.5255766
1556441990,43.44734093,21.44444444,63.53333333,0,6.355273099,0,174.5255766
1556442000,43.84152168,21.28699671,65.06522077,0,5.872016726,0,176.96598
1556442010,43.84152168,21.28699671,65.06522077,0,12.84330282,0,181.407862
1556442020,46.42325385,22.63187118,66.77339737,0,12.84330282,0,181.407862
1556442030,46.86562521,23.95555556,68.90804853,0,18.88930865,0,181.4565415
1556442040,46.86562521,23.95555556,68.90804853,0,20.7328726,0,181.6646294
1556442050,47.53650243,24.82387715,69.15709238,0,20.7328726,0,181.6646294
1556442060,45.83388822,23.71101917,68.57003416,0,19.09058583,0,179.5982758
1556442070,45.83388822,23.71101917,68.57003416,0,15.17845238,0,178.8103015
1556442080,45.64545879,23.58532469,66.62518334,0,15.17845238,0,178.8103015
1556442090,44.73333333,23.02273384,67.306624,0,12.77777778,0,173.7188319
1556442100,44.73333333,23.02273384,67.306624,0,12.06398578,0,178.6238165
1556442110,45.06628704,22.76010758,66.88039897,0,12.06398578,0,178.6238165
1556442120,45.15555556,22.43418712,66.62222222,0,12.51138914,0,179.6484366
1556442130,45.15555556,22.43418712,66.62222222,0,9.975560986,0,179.2450734
1556442140,44.28888889,22.02173285,64.42651732,0,9.975560986,0,179.2450734
1556442150,43.51109433,21.08888889,64.97489,0,7.776049767,0,176.8666667
1556442160,43.51109433,21.08888889,64.97489,0,8.977777778,0,177.5738317
1556442170,43.51014422,21.66811121,65.88888889,0,8.977777778,0,177.5738317
1556442180,43.68888889,21.91111111,67.62222222,0,9.35763503,0,176.4915088
1556442190,43.68888889,21.91111111,67.62222222,0,10.76009871,0,173.5739206
1556442200,44.47607187,23.44426437,67.75669792,0,10.76009871,0,173.5739206
1556442210,44.31111111,22.61920633,68.82222222,0,12.10411762,0,172.6076715
1556442220,44.31111111,22.61920633,68.82222222,0,14.71143803,0,178.7920537
1556442230,44.39901336,22.35605236,68.37777778,0,14.71143803,0,178.7920537
1556442240,44.1343141,22.08728146,68.01919915,0,14.12642708,0,175.96109
1556442250,44.1343141,22.08728146,68.01919915,0,9.31504413,0,175.7777778
1556442260,43.59612479,22.09232547,67.50811075,0,9.31504413,0,175.7777778
1556442270,43.88986422,22.2,65.86373939,0,9.044243461,0,172.6995978
1556442280,43.88986422,22.2,65.86373939,0,5.73486263,0,172.9781415
1556442290,41.8,21.50299268,64.87675861,0,5.73486263,0,172.9781415
1556442300,41.61482403,21.2,63.69171963,0,4.578286476,0,169.7777778
1556442310,41.61482403,21.2,63.69171963,0,0,0,168.3964885
1556442320,41.57777778,20.33333333,63.04584546,0,0,0,168.3964885
1556442330,42.84444444,20.5458107,62.70142917,0,1.488525027,0,170.9251689
1556442340,42.84444444,20.5458107,62.70142917,0,1.666518532,0,171.8444444
1556442350,43.10823723,20.75555556,62.95555556,0,1.666518532,0,171.8444444
1556442360,42.37683607,21.44110916,64.49032201,0,2.133333333,0,170.3702058
1556442370,42.37683607,21.44110916,64.49032201,0,4.261931188,0,166.3927874
1556442380,43.08888889,22.05866003,64.25015557,0,4.261931188,0,166.3927874
1556442390,41.77024148,21.73768383,64.54264703,0,4.22278526,0,167.4222222
1556442400,41.77024148,21.73768383,64.54264703,0,5.310049101,0,168.0704016
1556442410,42.33427409,21.97924306,64.55412102,0,5.310049101,0,168.0704016
1556442420,41.66111185,21.49175446,63.84444444,0,1.713853276,0,166.5147304
1556442430,41.66111185,21.49175446,63.84444444,0,1.577777778,0,167.2555163
1556442440,42.08862873,21.24869418,61.18415208,0,1.577777778,0,167.2555163
1556442450,41.62222222,20.53515868,61.80137336,0,0.022226668,0,163.5369675
1556442460,41.62222222,20.53515868,61.80137336,0,0.466355763,0,167.0742009
1556442470,41.31661999,20.57777778,62.14865015,0,0.466355763,0,167.0742009
1556442480,41.64444444,21.07441695,63.77681449,0,0.466303986,0,162.6962101
1556442490,41.64444444,21.07441695,63.77681449,0,0.466666667,0,163.2666667
1556442500,41.6842573,21.7217484,62.04444444,0,0.466666667,0,163.2666667
1556442510,40.91111111,20.97591325,61.67351928,0,0.022237047,0,160.0222222
1556442520,40.91111111,20.97591325,61.67351928,0,0.022224198,0,160.46919
1556442530,40.62222222,20.2412958,60.67140952,0,0.022224198,0,160.46919
1556442540,40.62604063,19.83235876,59.75387623,0,0.022222222,0,163.4630342
1556442550,40.62604063,19.83235876,59.75387623,0,0.022222222,0,162.1225252
1556442560,41.15555556,20.66758523,59.48756694,0,0.022222222,0,162.1225252
1556442570,41.68796249,21.43825117,59.18040802,0,0.022232597,0,163.3537887
1556442580,41.68796249,21.43825117,59.18040802,0,0.02220298,0,157.6187196
1556442590,40.19753965,20.57503444,57.79229436,0,0.02220298,0,157.6187196
1556442600,39.8,20.11200498,58.55035108,0,0,0,156.7180764
1556442610,39.8,20.11200498,58.55035108,0,0,0,154.6311357
1556442620,39.22396551,19.88226147,59,0,0,0,154.6311357
1556442630,40.31469464,20.93950809,62.68338224,0,0.200173484,0,158.6035245
1556442640,40.31469464,20.93950809,62.68338224,0,0.244449877,0,164.3406374
1556442650,41.42222222,20.53287705,62.9583537,0,0.244449877,0,164.3406374
1556442660,42.0676015,20.62062062,60.95420102,0,0.755555556,0,163.7111111
1556442670,42.0676015,20.62062062,60.95420102,0,2.111017288,0,120.9360208
1556442680,28.59936446,13.53008047,39.05485907,0,2.111017288,0,120.9360208
1556442690,14.23969788,7.155714571,18.02342378,0,2.066712594,0,63.86666667
1556442700,14.23969788,7.155714571,18.02342378,0,1.555555556,0,11.00024445
1556442710,0,0,0,0,1.555555556,0,11.00024445
1556442720,0,0,0,0,0,0,0
1556442730,0,0,0,0,0,0,0
1556442740,0,0,0,0,0,0,0
1556442750,0,0,0,0,0,0,0
1556442760,0,0,0,0,0,0,0
1556442770,0,0,0,0,0,0,0
1556442780,0,0,0,0,0,0,0
1556442790,0,0,0,0,0,0,0
1556442800,0,0,0,0,0,0,0
1556442810,0,0,0,0,0,0,0
1556442820,0,0,0,0,0,0,0
1556442830,0,0,0,0,0,0,0
1556442840,0,0,0,0,0,0,0
1556442850,0,0,0,0,0,0,0
1556442860,0,0,0,0,0,0,0
1556442870,0,0,0,0,0,0,0
1556442880,0,0,0,0,0,0,0
1556442890,0,0,0,0,0,0,0
1556442900,0,0,0,0,0,0,0
1556442910,0,0,0,0,0,0,0
1556442920,0,0,0,0,0,0,0
1556442930,0,0,0,0,0,0,0
1556442940,0,0,0,0,0,0,0
1556442950,0,0,0,0,0,0,0
1556442960,0,0,0,0,0,0,0
1556442970,0,0,0,0,0,0,0
1556442980,0,0,0,0,0,0,0
1556442990,0,0,0,0,0,0,0
1556443000,0,0,0,0,0,0,0
1556443010,0,0,0,0,0,0,0
1556443020,0,0,0,0,0,0,0
1556443030,0,0,0,0,0,0,0
1556443040,0,0,0,0,0,0,0
1556443050,0,0,0,0,0,0,0
1556443060,0,0,0,0,0,0,0
1556443070,0,0,0,0,0,0,0
1556443080,0,0,0,0,0,0,0
1556443090,0,0,0,0,0,0,0
1556443100,0,0,0,0,0,0,0
1556443110,0,0,0,0,0,0,0
1556443120,0,0,0,0,0,0,0
1556443130,0,0,0,0,0,0,0
1556443140,0,0,0,0,0,0,0
1556443150,0,0,0,0,0,0,0
1556443160,0,0,0,0,0,0,0
1556443170,0,0,0,0,0,0,0
1556443180,0,0,0,0,0,0,0
1556443190,0,0,0,0,0,0,0
1556443200,0,0,0,0,0,0,0
1556443210,0,0,0,0,0,0,0
1556443220,0,0,0,0,0,0,0
1556443230,0,0,0,0,0,0,0
1556443240,0,0,0,0,0,0,0
1556443250,0,0,0,0,0,0,0
1556443260,0,0,0,0,0,0,0
1556443270,0,0,0,0,0,0,0
1556443280,0,0,0,0,0,0,0
1556443290,0,0,0,0,0,0,0
1556443300,0,0,0,0,0,0,0
1556443310,0,0,0,0,0,0,0
1556443320,0,0,0,0,0,0,0
1556443330,0,0,0,0,0,0,0
1556443340,0,0,0,0,0,0,0
1556443350,0,0,0,0,0,0,0
1556443360,0,0,0,0,0,0,0
1556443370,0,0,0,0,0,0,0
1556443380,0,0,0,0,0,0,0
1556443390,0,0,0,0,0,0,0
1556443400,0,0,0,0,0,0,0
1556443410,0,0,0,0,0,0,0
1556443420,0,0,0,0,0,0,0
1556443430,0,0,0,0,0,0,0
1556443440,0,0,0,0,0,0,0
1556443450,0,0,0,0,0,0,0
1556443460,0,0,0,0,0,0,0
1556443470,0,0,0,0,0,0,0
1556443480,0,0,0,0,0,0,0
1556443490,0,0,0,0,0,0,0
1556443500,0,0,0,0,0,0,0
1556443510,0,0,0,0,0,0,0
1556443520,0,0,0,0,0,0,0
1556443530,0,0,0,0,0,0,0
1556443540,0,0,0,0,0,0,0
1556443550,0,0,0,0,0,0,0
1556443560,0,0,0,0,0,0,0
1556443570,0,0,0,0,0,0,0
1556443580,0,0,0,0,0,0,0
1556443590,0,0,0,0,0,0,0
1556443600,0,0,0,0,0,0,0
1556443610,0,0,0,0,0,0,0
1556443620,0,0,0,0,0,0,0
1556443630,0,0,0,0,0,0,0
1556443640,0,0,0,0,0,0,0
1556443650,0,0,0,0,0,0,0
1556443660,0,0,0,0,0,0,0
1556443670,0,0,0,0,0,0,0
1556443680,0,0,0,0,0,0,0
1556443690,0,0,0,0,0,0,0
1556443700,0,0,0,0,0,0,0
1556443710,0,0,0,0,0,0,0
1556443720,0,0,0,0,0,0,0
1556443730,0,0,0,0,0,0,0
1556443740,0,0,0,0,0,0,0
1556443750,0,0,0,0,0,0,0
1556443760,0,0,0,0,0,0,0
1556443770,0,0,0,0,0,0,0
1556443780,0,0,0,0,0,0,0
1556443790,0,0,0,0,0,0,0
1556443800,0,0,0,0,0,0,0
1556443810,0,0,0,0,0,0,0
1556443820,0,0,0,0,0,0,0
1556443830,0,0,0,0,0,0,0
1556443840,0,0,0,0,0,0,0
1556443850,0,0,0,0,0,0,0
1556443860,0,0,0,0,0,0,0
1556443870,0,0,0,0,0,0,0
1556443880,0,0,0,0,0,0,0
1556443890,0,0,0,0,0,0,0
1556443900,0,0,0,0,0,0,0
1556443910,0,0,0,0,0,0,0
1556443920,0,0,0,0,0,0,0
1556443930,0,0,0,0,0,0,0
1556443940,0,0,0,0,0,0,0
1556443950,0,0,0,0,0,0,0
1556443960,0,0,0,0,0,0,0
1556443970,0,0,0,0,0,0,0
1556443980,0,0,0,0,0,0,0
1556443990,0,0,0,0,0,0,0
1556444000,0,0,0,0,0,0,0
1556444010,0,0,0,0,0,0,0
1556444020,0,0,0,0,0,0,0
1556444030,0,0,0,0,0,0,0
1556444040,0,0,0,0,0,0,0
1556444050,0,0,0,0,0,0,0
1556444060,0,0,0,0,0,0,0
1556444070,0,0,0,0,0,0,0
1556444080,0,0,0,0,0,0,0
1556444090,0,0,0,0,0,0,0
1556444100,0,0,0,0,0,0,0
1556444110,0,0,0,0,0,0,0
1556444120,0,0,0,0,0,0,0
1556444130,0,0,0,0,0,0,0
1556444140,0,0,0,0,0,0,0
1556444150,0,0,0,0,0,0,0
1556444160,0,0,0,0,0,0,0
1556444170,0,0,0,0,0,0,0
1556444180,0,0,0,0,0,0,0
1556444190,0,0,0,0,0,0,0
1556444200,0,0,0,0,0,0,0
1556444210,0,0,0,0,0,0,0
1556444220,0,0,0,0,0,0,0
1556444230,0,0,0,0,0,0,0
1556444240,0,0,0,0,0,0,0
1556444250,0,0,0,0,0,0,0
1556444260,0,0,0,0,0,0,0
1556444270,0,0,0,0,0,0,0
1556444280,0,0,0,0,0,0,0
1556444290,0,0,0,0,0,0,0
1556444300,0,0,0,0,0,0,0
1556444310,0,0,0,0,0,0,0
1556444320,0,0,0,0,0,0,0
1556444330,0,0,0,0,0,0,0
1556444340,0,0,0,0,0,0,0
1556444350,0,0,0,0,0,0,0
1556444360,0,0,0,0,0,0,0
1556444370,0,0,0,0,0,0,0
1556444380,0,0,0,0,0,0,0
1556444390,0,0,0,0,0,0,0
1556444400,0,0,0,0,0,0,0
1556444410,0,0,0,0,0,0,0
1556444420,0,0,0,0,0,0,0
1556444430,0,0,0,0,0,0,0
1556444440,0,0,0,0,0,0,0
1556444450,0,0,0,0,0,0,0
1556444460,0,0,0,0,0,0,0
1556444470,0,0,0,0,0,0,0
1556444480,0,0,0,0,0,0,0
1556444490,0,0,0,0,0,0,0
1556444500,0,0,0,0,0,0,0
1556444510,0,0,0,0,0,0,0
1556444520,0,0,0,0,0,0,0
1556444530,0,0,0,0,0,0,0
1556444540,0,0,0,0,0,0,0
1556444550,0,0,0,0,0,0,0
1556444560,0,0,0,0,0,0,0
1556444570,0,0,0,0,0,0,0
1556444580,0,0,0,0,0,0,0
1556444590,0,0,0,0,0,0,0
1556444600,0,0,0,0,0,0,0
1556444610,0,0,0,0,0,0,0
1556444620,0,0,0,0,0,0,0
1556444630,0,0,0,0,0,0,0
1556444640,0,0,0,0,0,0,0
1556444650,0,0,0,0,0,0,0
1556444660,0,0,0,0,0,0,0
1556444670,0,0,0,0,0,0,0
1556444680,0,0,0,0,0,0,0
1556444690,0,0,0,0,0,0,0
1556444700,0,0,0,0,0,0,0
1556444710,0,0,0,0,0,0,0
1556444720,0,0,0,0,0,0,0
1556444730,0,0,0,0,0,0,0
1556444740,0,0,0,0,0,0,0
1556444750,0,0,0,0,0,0,0
1556444760,0,0,0,0,0,0,0
1556444770,0,0,0,0,0,0,0
1556444780,0,0,0,0,0,0,0
1556444790,0,0,0,0,0,0,0
1556444800,0,0,0,0,0,0,0
1556444810,0,0,0,0,0,0,0
1556444820,0,0,0,0,0,0,0
1556444830,0,0,0,0,0,0,0
1556444840,0,0,0,0,0,0,0
1556444850,0,0,0,0,0,0,0
1556444860,0,0,0,0,0,0,0
1556444870,0,0,0,0,0,0,0
1556444880,0,0,0,0,0,0,0
1556444890,0,0,0,0,0,0,0
1556444900,0,0,0,0,0,0,0
1556444910,0,0,0,0,0,0,0
1556444920,0,0,0,0,0,0,0
1556444930,0,0,0,0,0,0,0
1556444940,0,0,0,0,0,0,0
1556444950,0,0,0,0,0,0,0
1556444960,0,0,0,0,0,0,0
1556444970,0,0,0,0,0,0,0
1556444980,0,0,0,0,0,0,0
1556444990,0,0,0,0,0,0,0
1556445000,0,0,0,0,0,0,0
1556445010,0,0,0,0,0,0,0
1556445020,0,0,0,0,0,0,0
1556445030,0,0,0,0,0,0,0
1556445040,0,0,0,0,0,0,0
1556445050,0,0,0,0,0,0,0
1556445060,0,0,0,0,0,0,0
1556445070,0,0,0,0,0,0,0
1556445080,0,0,0,0,0,0,0
1556445090,0,0,0,0,0,0,0
1556445100,0,0,0,0,0,0,0
1556445110,0,0,0,0,0,0,0
1556445120,0,0,0,0,0,0,0
1556445130,0,0,0,0,0,0,0
1556445140,0,0,0,0,0,0,0
1556445150,0,0,0,0,0,0,0
1556445160,0,0,0,0,0,0,0
1556445170,0,0,0,0,0,0,0
1556445180,0,0,0,0,0,0,0
1556445190,0,0,0,0,0,0,0
1556445200,0,0,0,0,0,0,0
1556445210,0,0,0,0,0,0,0
1556445220,0,0,0,0,0,0,0
1556445230,0,0,0,0,0,0,0
1556445240,0,0,0,0,0,0,0
1556445250,0,0,0,0,0,0,0
1556445260,0,0,0,0,0,0,0
1556445270,0,0,0,0,0,0,0
1556445280,0,0,0,0,0,0,0
1556445290,0,0,0,0,0,0,0
1556445300,0,0,0,0,0,0,0
1556445310,0,0,0,0,0,0,0
1556445320,0,0,0,0,0,0,0
1556445330,0,0,0,0,0,0,0
1556445340,0,0,0,0,0,0,0
1556445350,0,0,0,0,0,0,0
1556445360,0,0,0,0,0,0,0
1556445370,0,0,0,0,0,0,0
1556445380,0,0,0,0,0,0,0
1556445390,0,0,0,0,0,0,0
1556445400,0,0,0,0,0,0,0
1556445410,0,0,0,0,0,0,0
1556445420,0,0,0,0,0,0,0
1556445430,0,0,0,0,0,0,0
1556445440,0,0,0,0,0,0,0
1556445450,0,0,0,0,0,0,0
1556445460,0,0,0,0,0,0,0
1556445470,0,0,0,0,0,0,0
1556445480,0,0,0,0,0,0,0
1556445490,0,0,0,0,0,0,0
1556445500,0,0,0,0,0,0,0
1556445510,0,0,0,0,0,0,0
1556445520,0,0,0,0,0,0,0
1556445530,0,0,0,0,0,0,0
1556445540,0,0,0,0,0,0,0
1556445550,0,0,0,0,0,0,0
1556445560,0,0,0,0,0,0,0
1556445570,0,0,0,0,0,0,0
1556445580,0,0,0,0,0,0,0
1556445590,0,0,0,0,0,0,0
1556445600,0,0,0,0,0,0,0
1556445610,0,0,0,0,0,0,0
1556445620,0,0,0,0,0,0,0
1556445630,0,0,0,0,0,0,0
1556445640,0,0,0,0,0,0,0
1556445650,0,0,0,0,0,0,0
1556445660,0,0,0,0,0,0,0
1556445670,0,0,0,0,0,0,0
1556445680,0,0,0,0,0,0,0
1556445690,0,0,0,0,0,0,0
1556445700,0,0,0,0,0,0,0
1556445710,0,0,0,0,0,0,0
1556445720,0,0,0,0,0,0,0
1556445730,0,0,0,0,0,0,0
1556445740,0,0,0,0,0,0,0
1556445750,0,0,0,0,0,0,0
1556445760,0,0,0,0,0,0,0
1556445770,0,0,0,0,0,0,0
1556445780,0,0,0,0,0,0,0
1556445790,0,0,0,0,0,0,0
1556445800,0,0,0,0,0,0,0
1556445810,0,0,0,0,0,0,0
1556445820,0,0,0,0,0,0,0
1556445830,0,0,0,0,0,0,0
1556445840,0,0,0,0,0,0,0
1556445850,0,0,0,0,0,0,0
1556445860,0,0,0,0,0,0,0
1556445870,0,0,0,0,0,0,0
1556445880,0,0,0,0,0,0,0
1556445890,0,0,0,0,0,0,0
1556445900,0,0,0,0,0,0,0
1556445910,0,0,0,0,0,0,0
1556445920,0,0,0,0,0,0,0
1556445930,0,0,0,0,0,0,0
1556445940,0,0,0,0,0,0,0
1556445950,0,0,0,0,0,0,0
1556445960,0,0,0,0,0,0,0
1556445970,0,0,0,0,0,0,0
1556445980,0,0,0,0,0,0,0
1556445990,0,0,0,0,0,0,0
1556446000,0,0,0,0,0,0,0
1556446010,0,0,0,0,0,0,0
1556446020,0,0,0,0,0,0,0
1556446030,0,0,0,0,0,0,0
1556446040,0,0,0,0,0,0,0
1556446050,0,0,0,0,0,0,0
1556446060,0,0,0,0,0,0,0
1556446070,0,0,0,0,0,0,0
1556446080,0,0,0,0,0,0,0
1556446090,0,0,0,0,0,0,0
1556446100,0,0,0,0,0,0,0
1556446110,0,0,0,0,0,0,0
1556446120,0,0,0,0,0,0,0
1556446130,0,0,0,0,0,0,0
1556446140,0,0,0,0,0,0,0
1556446150,0,0,0,0,0,0,0
1556446160,0,0,0,0,0,0,0
1556446170,0,0,0,0,0,0,0
1556446180,0,0,0,0,0,0,0
1556446190,0,0,0,0,0,0,0
1556446200,0,0,0,0,0,0,0
1556446210,0,0,0,0,0,0,0
1556446220,0,0,0,0,0,0,0
1556446230,0,0,0,0,0,0,0
1556446240,0,0,0,0,0,0,0
1556446250,0,0,0,0,0,0,0
1556446260,0,0,0,0,0,0,0
1556446270,0,0,0,0,0,0,0
1556446280,0,0,0,0,0,0,0
1556446290,0,0,0,0,0,0,0
1556446300,0,0,0,0,0,0,0
1556446310,0,0,0,0,0,0,0
1556446320,0,0,0,0,0,0,0
1556446330,0,0,0,0,0,0,0
1556446340,0,0,0,0,0,0,0
1556446350,0,0,0,0,0,0,0
1556446360,0,0,0,0,0,0,0
1556446370,0,0,0,0,0,0,0
1556446380,0,0,0,0,0,0,0
1556446390,0,0,0,0,0,0,0
1556446400,0,0,0,0,0,0,0
1556446410,0,0,0,0,0,0,0
1556446420,0,0,0,0,0,0,0
1556446430,0,0,0,0,0,0,0
1556446440,0,0,0,0,0,0,0
1556446450,0,0,0,0,0,0,0
1556446460,0,0,0,0,0,0,0
1556446470,0,0,0,0,0,0,0
1556446480,0,0,0,0,0,0,0
1556446490,0,0,0,0,0,0,0
1556446500,0,0,0,0,0,0,0
1556446510,0,0,0,0,0,0,0
1556446520,0,0,0,0,0,0,0
1556446530,0,0,0,0,0,0,0
1556446540,0,0,0,0,0,0,0
1556446550,0,0,0,0,0,0,0
1556446560,0,0,0,0,0,0,0
1556446570,0,0,0,0,0,0,0
1556446580,0,0,0,0,0,0,0
1556446590,0,0,0,0,0,0,0
1556446600,0,0,0,0,0,0,0
1556446610,0,0,0,0,0,0,0
1556446620,0,0,0,0,0,0,0
1556446630,0,0,0,0,0,0,0
1556446640,0,0,0,0,0,0,0
1556446650,0,0,0,0,0,0,0
1556446660,0,0,0,0,0,0,0
1556446670,0,0,0,0,0,0,0
1556446680,0,0,0,0,0,0,0
1556446690,0,0,0,0,0,0,0
1556446700,0,0,0,0,0,0,0
1556446710,0,0,0,0,0,0,0
1556446720,0,0,0,0,0,0,0
1556446730,0,0,0,0,0,0,0
1556446740,0,0,0,0,0,0,0
1556446750,0,0,0,0,0,0,0
1556446760,0,0,0,0,0,0,0
1556446770,0,0,0,0,0,0,0
1556446780,0,0,0,0,0,0,0
1556446790,0,0,0,0,0,0,0
1556446800,0,0,0,0,0,0,0
1556446810,0,0,0,0,0,0,0
1556446820,0,0,0,0,0,0,0
1556446830,0,0,0,0,0,0,0
1556446840,0,0,0,0,0,0,0
1556446850,0,0,0,0,0,0,0
1556446860,0,0,0,0,0,0,0
1556446870,0,0,0,0,0,0,0
1556446880,0,0,0,0,0,0,0
1556446890,0,0,0,0,0,0,0
1556446900,0,0,0,0,0,0,0
1556446910,0,0,0,0,0,0,0
1556446920,0,0,0,0,0,0,0
1556446930,0,0,0,0,0,0,0
1556446940,0,0,0,0,0,0,0
1556446950,0,0,0,0,0,0,0
1556446960,0,0,0,0,0,0,0
1556446970,0,0,0,0,0,0,0
1556446980,0,0,0,0,0,0,0
1556446990,0,0,0,0,0,0,0
1556447000,0,0,0,0,0,0,0
1556447010,0,0,0,0,0,0,0
1556447020,0,0,0,0,0,0,0
1556447030,0,0,0,0,0,0,0
1556447040,0,0,0,0,0,0,0
1556447050,0,0,0,0,0,0,0
1556447060,0,0,0,0,0,0,0
1556447070,0,0,0,0,0,0,0
1556447080,0,0,0,0,0,0,0
1556447090,0,0,0,0,0,0,0
1556447100,0,0,0,0,0,0,0
1556447110,0,0,0,0,0,0,0
1556447120,0,0,0,0,0,0,0
1556447130,0,0,0,0,0,0,0
1556447140,0,0,0,0,0,0,0
1556447150,0,0,0,0,0,0,0
1556447160,0,0,0,0,0,0,0
1556447170,0,0,0,0,0,0,0
1556447180,0,0,0,0,0,0,0
1556447190,0,0,0,0,0,0,0
1556447200,0,0,0,0,0,0,0
1556447210,0,0,0,0,0,0,0
1556447220,0,0,0,0,0,0,0
1556447230,0,0,0,0,0,0,0
1556447240,0,0,0,0,0,0,0
1556447250,0,0,0,0,0,0,0
1556447260,0,0,0,0,0,0,0
1556447270,0,0,0,0,0,0,0
1556447280,0,0,0,0,0,0,0
1556447290,0,0,0,0,0,0,0
1556447300,0,0,0,0,0,0,0
1556447310,0,0,0,0,0,0,0
1556447320,0,0,0,0,0,0,0
1556447330,0,0,0,0,0,0,0
1556447340,0,0,0,0,0,0,0
1556447350,0,0,0,0,0,0,0
1556447360,0,0,0,0,0,0,0
1556447370,0,0,0,0,0,0,0
1556447380,0,0,0,0,0,0,0
1556447390,0,0,0,0,0,0,0
1556447400,29.05698101,0,7.44460988,0,0,0,2.399946668
1556447410,29.05698101,0,7.44460988,0,0,0,51.37769489
1556447420,45.44343459,3.200071113,43.97777778,0,0,0,51.37769489
1556447430,59.44420997,12.5974805,83.75555556,0.599946671,0.088886914,0,96.30897091
1556447440,59.44420997,12.5974805,83.75555556,0.599946671,1.774386728,1.044166,152.2018146
1556447450,40.78640453,23.96727289,104.6573638,2.713342081,1.774386728,3.329338128,152.2018146
1556447460,38.26689159,29.92115521,97.61301507,6.017675534,4.931360789,3.329338128,155.6815655
1556447470,38.26689159,29.92115521,97.61301507,6.017675534,9.074772576,6.86270155,171.9885341
1556447480,36.62702991,28.33333333,84.4577379,8.056127305,9.074772576,7.643934849,171.9885341
1556447490,37.75469437,23.50849906,75.71314316,5.996135824,7.530990359,7.643934849,168.5653773
1556447500,37.75469437,23.50849906,75.71314316,5.996135824,4.381867521,5.386276125,158.5446967
1556447510,27.98757895,20.78002981,63.42264746,2.689546334,4.381867521,1.846824796,158.5446967
1556447520,21.22399502,19.59391989,54.9252536,0.044567252,0.133443053,1.846824796,145.6506781
1556447530,15.4653682,19.59391989,54.9252536,0.044567252,0.022206924,0.044372462,134.8971651
1556447540,33.51495608,18.74014699,52.82339608,0.022191647,0.022206924,0.022201501,134.8971651
1556447550,15.72168447,18.54531692,56.64526734,0.177821245,0.022208897,0.022201501,138.0399484
1556447560,22.50851135,18.54531692,56.64526734,0.177821245,2.68787347,0.466086648,145.2447009
1556447570,30.50062994,19.88655322,65.24207012,3.180109858,2.68787347,3.648660675,145.2447009
1556447580,42.1680048,21.96141193,72.37324679,4.562551468,6.191950464,3.648660675,157.9859183
1556447590,42.1680048,21.96141193,72.37324679,4.562551468,6.256517205,4.556568126,162.5830749
1556447600,39.48070425,22.59674022,69.36133295,4.416627827,6.256517205,4.135263123,162.5830749
1556447610,33.48526959,19.98532779,62.34596683,1.768624381,3.623268944,4.135263123,150.4442515
1556447620,33.48526959,19.98532779,62.34596683,1.419798761,1.309103819,0.955385709,132.8416563
1556447630,32.33184554,17.55321513,56.8285365,0.033926876,1.309103819,0.911637835,132.8416563
1556447790,40.94256915,19.63321583,64.7974661,1.81775928,20.70296898,5.093792218,167.7938952
1556447800,40.94256915,19.63321583,64.7974661,2.56284947,21.17390627,4.932127702,178.5000222
1556447810,43.02581549,20.86249417,67.54625619,2.988346185,21.17390627,5.41945228,178.5000222
1556447820,38.93474537,21.10812073,61.5391471,2.8,18.46174354,5.41945228,177.5397742
1556447830,38.93474537,21.10812073,61.5391471,2.8,11.47486406,3.365577497,158.533878
1556447840,35.49481997,19.08379988,54.57938112,1.311285949,11.47486406,2.15435869,158.533878
1556447850,34.71805472,17.16318364,48.67856587,0.111133338,5.302862214,2.15435869,140.9354259
1556447860,34.71805472,17.16318364,48.67856587,0.111133338,3.913981364,0.244607516,138.1211784
1556447870,39.1359424,17.06775369,54.78768919,1.134619235,3.913981364,1.178406261,138.1211784
1556447880,44.84324902,20.2970838,63.97846063,1.866832607,12.74651811,1.178406261,164.1598434
1556447890,44.84324902,20.30722072,63.99956271,1.866832607,15.76732067,1.956207625,183.2929082
1556447900,45.98084317,21.63973722,70.86334134,2.222222222,15.76732067,2.288888889,183.2929082
1556447910,47.08888889,22.82070084,72.13173041,1.6,17.81791555,2.288888889,192.1111111
1556447920,47.08888889,22.82070084,72.13173041,1.6,17.90912121,1.711035065,192.2179507
1556447930,46.49459597,22.02222222,72.91365547,1.773953922,17.90912121,1.734451091,192.2179507
1556447940,49.46556743,22.98978479,74.0238672,2.022177285,22.97828841,1.734451091,202.3957685
1556447950,49.46556743,22.98978479,74.0238672,2.022177285,25.85018893,2.066666667,203.9365531
1556447960,48.71111111,23.9052676,76.79829337,1.866666667,25.85018893,1.755555556,203.9365531
1556447970,49.39314453,24.73333333,77.84444444,1.15861946,25.38059784,1.755555556,200.7821527
1556447980,49.39314453,24.73333333,77.84444444,1.15861946,21.73430916,1.154580576,195.4920579
1556447990,48.02328941,25.07544825,75.35144018,0.5979934,21.73430916,0.487221509,195.4920579
1556448000,45.58277984,23.46405955,68.83030572,0.244243622,12.91541625,0.487221509,185.1917614
1556448010,45.58277984,23.46405955,68.83030572,0.244243622,4.505804275,0.199911151,174.2326656
1556448020,33.5205296,21.82552899,60.0115535,0.044435557,4.505804275,0,174.2326656
1556448030,24.70947086,19.8019802,58.41261393,0,0.022262294,0,157.1956212
1556448040,17.99530563,19.8019802,58.41261393,0,0,0,154.1677787
1556448090,14.43532338,17.88216454,56.48549517,0,0,0,147.1778677
1556448100,20.65422886,17.88216454,56.48549517,0,0,0,152.1719799
1556448110,28.36175071,18.00960512,60.44981776,0,0,0,152.1719799
1556448120,39.38767343,19.6187468,63.01820526,0,2.112378538,0,164.6062169
1556448130,27.42169824,19.6187468,63.01820526,0,2.110548298,0,167.0882705
1556448140,21.95228365,20.54368587,59.81918745,0,2.110548298,0,167.0882705
1556448150,36.2388073,18.91279225,53.59880892,0,2.111017288,0,152.6342688
1556448160,36.2388073,18.91279225,53.59880892,0,0,0,134.1081309
1556448170,13.04699526,17.28888889,50.62334719,0,0,0,134.1081309
1556448180,18.55498533,16.40328066,53.75197209,0,0,0,123.4672304
1556448190,23.41005538,16.40328066,53.75197209,0,0,0,123.2721454
1556448200,34.16086947,17.86626964,59.9124425,0,0,0,123.2721454
1556448210,37.83687707,19.85651778,62.37504998,0,0.088845453,0,135.4076443
1556448220,37.83687707,19.85651778,62.37504998,0,0.777743211,0,145.1078865
1556448230,43.5564835,20.31978681,63.07387892,0.022214324,0.777743211,0,145.1078865
1556449070,24.683366,16.26322913,43.61356867,0,12.28670459,0,143.2882853
1556449080,19.22525303,15.31304948,40.09507308,0,5.625222341,0,127.0208366
1556449090,13.99780336,15.31304948,40.09507308,0,1.33306672,0,115.5146339
